Дата,Время начала,Время окончания,Длительность,Задача,Статус
2026-03-04,14:06,14:07,1 мин,"Проверка доступа к макету Figma",Выполнено
2026-03-04,14:07,14:15,8 мин,"Изменение хедера на странице About (перенос вверх)",Выполнено
2026-03-04,14:15,14:18,3 мин,"Детальная стилизация хедера (pixel perfect) по Figma",Выполнено
2026-03-04,14:18,14:18,0 мин,"Корректировка отступа между кнопками в хедере (35px)",Выполнено
2026-03-04,14:18,14:20,2 мин,"Стилизация кнопки 'Увійти' (градиент)",Выполнено
2026-03-04,14:20,14:22,2 мин,"Стилизация текста кнопки 'Увійти' (шрифт, размер)",Выполнено
2026-03-04,14:22,14:24,2 мин,"Стилизация кнопки 'ПРОЙТИ ТЕСТУВАННЯ' по схеме",Выполнено
2026-03-04,14:24,14:26,2 мин,"Фиксация ширины кнопки 'ПРОЙТИ ТЕСТУВАННЯ' (227px)",Выполнено
2026-03-04,14:26,14:28,2 мин,"Приведение кнопки 'Увійти' в точное соответствие макету (padding, radius, border)",Выполнено
2026-03-04,14:28,14:30,2 мин,"Стилизация навигационных ссылок (шрифт, размер, отступы) по макету",Выполнено
2026-03-04,14:30,14:30,0 мин,"Корректировка отступа между ссылками меню (68px)",Выполнено
2026-03-04,14:30,14:32,2 мин,"Стилизация логотипа (размер 187x60px)",Выполнено
2026-03-04,14:32,14:35,3 мин,"Адаптация страницы About под разные размеры экрана (flexbox)",Выполнено
2026-03-04,14:35,14:39,4 мин,"Исправление локализации страницы About (синхронизация с хедером)",Выполнено
2026-03-04,14:39,14:44,5 мин,"Верстка нового баннера на странице About (слева/справа картинки, центр контент)",Выполнено
2026-03-04,14:44,14:46,2 мин,"Корректировка размера заголовка PSY MI на баннере (547x103px)",Выполнено
2026-03-04,14:46,14:48,2 мин,"Тонкая настройка стилей заголовка PSY MI (расстояние, цвет)",Выполнено
2026-03-04,14:48,14:50,2 мин,"Увеличение отступа между словами PSY и MI (space-between)",Выполнено
2026-03-04,14:50,14:52,2 мин,"Корректировка отступа между PSY и MI (уменьшение, gap: 20px)",Выполнено
2026-03-04,14:52,14:54,2 мин,"Растягивание боковых картинок баннера на всю ширину экрана",Выполнено
2026-03-04,14:54,14:56,2 мин,"Стилизация подзаголовка 'ІННОВАЦІЙНА ПСИХОЛОГІЧНА ПЛАТФОРМА' по макету",Выполнено
2026-03-04,14:56,14:58,2 мин,"Фиксация размера заголовка PSY MI (547x103px) с justify-content: space-between",Выполнено
2026-03-04,14:58,15:00,2 мин,"Откат изменений заголовка PSY MI (возврат к gap: 20px)",Выполнено
2026-03-04,15:00,15:03,3 мин,"Точное позиционирование заголовка PSY MI (547x103px, margin-left: 228px)",Выполнено
2026-03-04,15:03,15:05,2 мин,"Настройка размеров и позиции робота (283x372px, top: 76px, left: 997px)",Выполнено
2026-03-04,15:05,15:08,3 мин,"Восстановление видимости робота (z-index, relative container)",Выполнено
2026-03-04,15:08,15:09,1 мин,"Сдвиг робота вправо на 50px (left: 1047px)",Выполнено
2026-03-04,15:09,15:10,1 мин,"Установка фиксированной высоты баннера (406px)",Выполнено
2026-03-04,15:10,15:11,1 мин,"Уменьшение размеров робота на 50px (233x322px)",Выполнено
2026-03-04,15:11,15:12,1 мин,"Сдвиг робота вправо еще на 50px (left: 1097px)",Выполнено
2026-03-04,15:12,15:13,1 мин,"Сдвиг робота вправо еще на 50px (left: 1147px)",Выполнено
2026-03-04,15:13,15:14,1 мин,"Сдвиг робота вниз на 10px (top: 86px)",Выполнено
2026-03-04,15:14,15:15,1 мин,"Сдвиг робота вниз еще на 10px (top: 96px)",Выполнено
2026-03-04,15:15,15:16,1 мин,"Сдвиг контента баннера влево на 100px (margin-left: 128px)",Выполнено
2026-03-04,15:16,15:18,2 мин,"Стилизация блока описания (padding 14px 21px, radius 13px, blur, font 18px)",Выполнено
2026-03-04,15:18,15:19,1 мин,"Обновление текста описания баннера (UA)",Выполнено
2026-03-04,15:19,15:20,1 мин,"Стилизация текста описания (Unbounded, 17px, 400, width 781px)",Выполнено
2026-03-04,15:20,15:23,3 мин,"Реорганизация секции 'НАМ ДОВІРЯЮТЬ' (логотипы в один ряд)",Выполнено
2026-03-04,15:23,15:24,1 мин,"Установка высоты секции 'НАМ ДОВІРЯЮТЬ' (143px)",Выполнено
2026-03-04,15:24,15:25,1 мин,"Стилизация заголовка 'НАМ ДОВІРЯЮТЬ' (Montserrat, 40px, Bold)",Выполнено
2026-03-04,15:25,15:26,1 мин,"Центрирование контента секции 'НАМ ДОВІРЯЮТЬ' (100vw, align-items: center)",Выполнено
2026-03-04,15:26,15:27,1 мин,"Сдвиг заголовка 'НАМ ДОВІРЯЮТЬ' влево на 50px",Выполнено
2026-03-04,15:27,15:28,1 мин,"Сдвиг заголовка 'НАМ ДОВІРЯЮТЬ' влево еще на 50px (total -100px)",Выполнено
2026-03-04,15:28,15:29,1 мин,"Сдвиг заголовка 'НАМ ДОВІРЯЮТЬ' вправо на 20px (total -80px)",Выполнено
2026-03-04,15:30,15:40,10 мин,"Стилизация секции 'Про платформу' (высота 413px, 2 колонки)",Выполнено
2026-03-04,15:40,15:42,2 мин,"Замена изображения в секции 'Про платформу' на голубое (img1.svg)",Выполнено
2026-03-04,15:42,15:45,3 мин,"Корректировка ширины секции 'Про платформу' (1117px -> 1220px)",Выполнено
2026-03-04,15:45,15:47,2 мин,"Выравнивание заголовка 'НАМ ДОВІРЯЮТЬ' по центру",Выполнено
2026-03-04,15:47,15:52,5 мин,"Обновление текстов секции 'Про платформу' по скриншоту",Выполнено
2026-03-04,15:52,15:55,3 мин,"Добавление анимации (всплытие, hover, блик) для карточек логотипов",Выполнено
2026-03-04,15:55,15:58,3 мин,"Изменение анимации карточек (эффект нажатия клавиш без блика)",Выполнено
2026-03-04,15:58,16:00,2 мин,"Удаление анимации появления (fadeInUp) для исправления конфликта с hover",Выполнено
2026-03-04,16:00,16:03,3 мин,"Настройка автоматической анимации 'нажатия клавиш' для карточек логотипов",Выполнено
2026-03-04,16:03,16:05,2 мин,"Увеличение отступа сверху для секции 'Нам доверяют' на 50px",Выполнено
2026-03-04,16:05,16:07,2 мин,"Увеличение отступа сверху для секции 'Нам доверяют' еще на 50px (всего 100px)",Выполнено
2026-03-04,16:07,16:09,2 мин,"Увеличение отступа сверху для секции 'Про платформу' на 100px",Выполнено
2026-03-04,16:09,16:11,2 мин,"Принудительное увеличение отступа (100px) для секции 'Про платформу' через !important",Выполнено
2026-03-04,16:11,16:16,5 мин,"Стилизация секции 'Наши клиенты' (отступ 100px, ряд, центрирование, новые стили иконок и текста)",Выполнено
2026-03-04,16:16,16:18,2 мин,"Стилизация текста в секции 'Наши клиенты' (Unbounded, 16px, 400, 130%, Gradient)",Выполнено
2026-03-04,16:18,16:20,2 мин,"Стилизация заголовка 'НАШІ КЛІЄНТИ' (Montserrat, 40px, 700, 135%, #262626)",Выполнено
2026-03-04,16:20,16:22,2 мин,"Установка фиксированной высоты 251px для секции 'Наши клиенты'",Выполнено
2026-03-04,16:22,16:26,4 мин,"Создание секции 'Наши тестирования' (заголовок, 3 карточки с градиентом, заглушки изображений)",Выполнено
2026-03-04,16:26,16:28,2 мин,"Увеличение отступа сверху для секции 'Наши тестирования' до 200px (было 100px)",Выполнено
2026-03-04,16:28,16:30,2 мин,"Корректировка размеров карточек тестов (372.24px x 229px, radius 10px)",Выполнено
2026-03-04,16:30,16:35,5 мин,"Обновление карточки PAEI (изображение paei_banner.png, высота 160.77px, градиент #4485ED-#6764E7)",Выполнено
2026-03-04,16:35,16:37,2 мин,"Корректировка высоты области изображения в карточках тестов (168px)",Выполнено
2026-03-04,16:37,16:39,2 мин,"Принудительное применение высоты 168px и отступа 200px через !important",Выполнено
2026-03-04,16:39,16:42,3 мин,"Настройка типографики карточек тестов (Unbounded 17px/500, Montserrat 12px/400) и отступов (padding 12px 16px)",Выполнено
2026-03-04,16:42,16:44,2 мин,"Корректировка расстояния между карточками тестов (gap: 18.25px)",Выполнено
2026-03-04,16:44,16:46,2 мин,"Корректировка размеров изображения внутри карточки PAEI (319.8px x 83.15px)",Выполнено
2026-03-04,16:46,16:50,4 мин,"Обновление карточки 'Инновационный потенциал' (изображение inovacija.svg, высота 161.15px)",Выполнено
2026-03-04,16:50,16:52,2 мин,"Корректировка размеров контейнера 'Инновационный потенциал' (372.24px x 161.15px)",Выполнено
2026-03-04,16:52,16:54,2 мин,"Исправление отображения изображения в карточке 'Инновационный потенциал' (object-fit: cover)",Выполнено
2026-03-04,16:54,16:56,2 мин,"Уточнение высоты контейнера 'Инновационный потенциал' (161.49px)",Выполнено
2026-03-04,16:56,16:58,2 мин,"Настройка заголовков карточек тестов (Unbounded 19px/500, #000000, line-height 1)",Выполнено
2026-03-04,16:58,17:00,2 мин,"Настройка заголовков карточек тестов (Unbounded 16px/400, #000000, line-height 100%)",Выполнено
2026-03-04,17:00,17:02,2 мин,"Настройка заголовков карточек тестов (Unbounded 15px/400, white-space: nowrap)",Выполнено
2026-03-04,17:02,17:04,2 мин,"Унификация высоты изображений во всех карточках (161.49px) для выравнивания по низу",Выполнено
2026-03-04,17:04,17:06,2 мин,"Замена изображения в карточке 'Инновационный потенциал' на ipi_banner.png",Выполнено
2026-03-04,17:06,17:08,2 мин,"Замена изображения в карточке 'Енеаграма' на ipi_banner.png и стилизация",Выполнено
2026-03-04,17:08,17:10,2 мин,"Замена изображения в карточке 'Енеаграма' на enneagram_banner.png",Выполнено
2026-03-04,17:10,17:12,2 мин,"Корректировка размеров изображения в карточке 'Енеаграма' (321.83px x 129.93px)",Выполнено
2026-03-04,17:12,17:14,2 мин,"Установка фиксированной высоты секции 'Наши тестирования' (336px)",Выполнено
2026-03-04,17:14,17:18,4 мин,"Создание секции 'Наша авторська розробка' (высота 313px, текст, кнопки, картинка)",Выполнено
2026-03-04,17:18,17:20,2 мин,"Настройка заголовка 'НАША АВТОРСЬКА РОЗРОБКА' (Montserrat 25px/700, #347aec, line-height 135%)",Выполнено
2026-03-04,17:20,17:22,2 мин,"Настройка заголовка 'Інноваційний потенціал особистості' (Unbounded 35px/400, #262626, line-height 100%)",Выполнено
2026-03-04,17:22,17:25,3 мин,"Обновление изображения в секции 'Авторская разработка' (robot.svg, 247x241px, border 2px white)",Выполнено
2026-03-04,17:25,17:27,2 мин,"Настройка описания в секции 'Авторская разработка' (Montserrat 16px/500, justify, max-width 863px)",Выполнено
2026-03-04,17:27,17:30,3 мин,"Настройка кнопки 'ПРОЙТИ ТЕСТУВАННЯ' (245x48px, border 3px #347aec, padding 14px 22px)",Выполнено
2026-03-04,17:30,17:33,3 мин,"Настройка кнопки 'УВІЙТИ' (223x48px, padding 14px 22px, border 3px transparent)",Выполнено
2026-03-04,17:33,17:36,3 мин,"Настройка карточки отзыва слева (фон Path-levo.png, 509x379px)",Выполнено
2026-03-04,17:36,17:39,3 мин,"Корректировка положения аватара в левом отзыве (48x48px, left -25px, bottom 30px)",Выполнено
2026-03-04,17:39,17:41,2 мин,"Настройка заголовка отзыва (Montserrat 20px/700, #347aec, line-height 22px)",Выполнено
2026-03-04,17:41,17:43,2 мин,"Настройка текста отзыва (Montserrat 15px/400, #000000, line-height 130%)",Выполнено
2026-03-04,17:43,17:45,2 мин,"Настройка аватара Юли (49x50px, top 318px, left 49px)",Выполнено
2026-03-04,17:45,17:48,3 мин,"Настройка правого отзыва (Вікторія) - зеркальное отражение левого (509x379px, flipped bg, avatar top 318px/right 49px)",Выполнено
2026-03-04,17:48,17:50,2 мин,"Выравнивание ширины секции отзывов по ширине секции 'Авторская разработка' (1220px)",Выполнено
2026-03-04,17:50,17:52,2 мин,"Выравнивание ширины секции 'Авторская разработка' (max-width 1440px, auto margins) для соответствия другим секциям",Выполнено
2026-03-04,17:52,17:55,3 мин,"Корректировка размеров контейнера отзывов (1151.37px, gap 18px) и карточек (width 100%, height 387.22px)",Выполнено
2026-03-04,17:55,17:58,3 мин,"Корректировка позиции аватаров (вынос за пределы бабла: left -20px / right -20px)",Выполнено
2026-03-04,17:58,18:00,2 мин,"Установка фиксированных размеров карточек отзывов (509x379px) и центрирование контейнера",Выполнено
2026-03-04,18:00,18:02,2 мин,"Корректировка размеров пузырей отзывов (534.71px x 387.22px)",Выполнено
2026-03-04,18:02,18:04,2 мин,"Подтверждение отступа (gap) 18px между карточками отзывов",Выполнено
2026-03-04,18:04,18:06,2 мин,"Исправление gap 18px: убрал flex:1 у оберток отзывов, установил фиксированную ширину 534.71px",Выполнено
2026-03-04,18:06,18:08,2 мин,"Смещение аватарок: влево на 20px (итого -40px) и вниз на 50px (итого top: 368px)",Выполнено
2026-03-04,18:08,18:10,2 мин,"Смещение аватарок еще на 50px вниз (итого top: 418px)",Выполнено
2026-03-04,18:10,18:12,2 мин,"Смещение аватарок еще на 20px вниз (итого top: 438px)",Выполнено
2026-03-04,18:12,18:14,2 мин,"Смещение аватарок вверх на 10px (итого top: 428px)",Выполнено
2026-03-04,18:14,18:16,2 мин,"Смещение аватарок влево на 5px (итого left: -45px / right: -45px)",Выполнено
2026-03-04,18:16,18:18,2 мин,"Смещение аватарок еще на 5px влево (итого left: -50px / right: -50px)",Выполнено
2026-03-04,18:18,18:20,2 мин,"Настройка ширины текста отзывов (453px) и корректировка отступов пузырей",Выполнено
2026-03-04,18:22,18:24,2 мин,"Принудительная настройка типографики отзывов (!important) и наследование стилей для p-тегов",Выполнено
2026-03-04,18:24,18:26,2 мин,"Настройка времени отзыва (left 492px, top 349px, #8e8e93)",Выполнено
2026-03-04,18:26,18:28,2 мин,"Подтверждение правильности CSS для времени и аватарок. Код верный.",Выполнено
2026-03-04,18:28,18:30,2 мин,"Настройка типографики для strong тега (Montserrat 700 15px) в отзывах",Выполнено
2026-03-04,18:30,18:32,2 мин,"Убрал margin у параграфов в отзывах, добавил gap: 16px в контейнер текста",Выполнено
2026-03-04,18:32,18:34,2 мин,"Перепроверка CSS: отступы и gap применены корректно",Выполнено
2026-03-04,18:34,18:36,2 мин,"Убрал gap и flex layout у текста отзывов, margin 0 у параграфов (убрал отступы)",Выполнено
2026-03-04,18:36,18:38,2 мин,"Выравнивание последней строки текста 'Успіхів вам!' на одной линии с временем (absolute positioning)",Выполнено
2026-03-04,18:38,18:40,2 мин,"Возврат позиционирования времени в правый нижний угол (bottom: 40px) и сброс absolute у текста",Выполнено
2026-03-04,18:40,18:43,3 мин,"Перемещение времени внутрь последнего параграфа (inline-block) для обтекания текста",Выполнено
2026-03-04,18:43,18:45,2 мин,"Смещение времени вниз на 10px (position: relative; top: 10px)",Выполнено
2026-03-04,18:45,18:47,2 мин,"Принудительное смещение времени вниз на 10px (top: 10px !important)",Выполнено
2026-03-04,18:47,18:49,2 мин,"Смещение последней строки текста вниз на 10px (position: relative; top: 10px)",Выполнено
2026-03-04,18:49,18:51,2 мин,"Смещение последней строки текста и времени вниз еще на 5px (итого top: 15px)",Выполнено
2026-03-04,18:51,18:53,2 мин,"Смещение аватарок вверх на 20px (итого top: 408px)",Выполнено
2026-03-04,18:53,18:55,2 мин,"Смещение аватарок еще на 20px вверх (итого top: 388px)",Выполнено
2026-03-04,18:55,18:57,2 мин,"Смещение аватарок еще на 20px вверх (итого top: 368px)",Выполнено
2026-03-04,18:57,18:58,1 мин,"Изменение расстояния между баннерами отзывов с 18px на 22px",Выполнено
2026-03-04,18:58,19:00,2 мин,"Изменение расстояния между баннерами отзывов с 22px на 26px",Выполнено
2026-03-04,19:00,19:05,5 мин,"Создание и добавление компонента Footer (93px, лого, копирайт, иконки соцсетей) на страницу About",Выполнено
2026-03-04,19:05,19:07,2 мин,"Добавление отступа 50px снизу для секции отзывов (отступ до футера)",Выполнено
2026-03-04,19:07,19:10,3 мин,"Изменение размера логотипа в футере до 187x60px в соответствии с макетом",Выполнено
2026-03-04,19:10,19:12,2 мин,"Настройка типографики копирайта в футере (Montserrat 20px Medium, #020202, rotate 0.27deg)",Выполнено
2026-03-04,19:12,19:14,2 мин,"Добавление SVG иконки Instagram в футер (вместо плейсхолдера)",Выполнено
2026-03-04,19:14,19:16,2 мин,"Исправление ошибки синтаксиса JSX в футере (вложенные/дублированные теги ссылок)",Выполнено
2026-03-04,19:16,19:18,2 мин,"Обновление SVG иконки Telegram в футере на правильную версию",Выполнено
2026-03-04,19:18,19:20,2 мин,"Обновление SVG иконки Facebook в футере на правильную версию",Выполнено
2026-03-04,19:20,19:22,2 мин,"Обновление SVG иконки LinkedIn в футере на правильную версию",Выполнено
2026-03-04,19:22,19:24,2 мин,"Настройка размеров иконок и контейнера в футере (283.8x47.03px, иконки 47x47px)",Выполнено
2026-03-04,19:24,19:26,2 мин,"Изменение расстояния между иконками в футере до 33px",Выполнено
2026-03-04,19:26,19:28,2 мин,"Масштабирование иконки Telegram в футере до размеров ~21.84x19.54px",Выполнено
2026-03-04,19:28,19:30,2 мин,"Центрирование иконки Telegram (scale 1.7, translate 5,5)",Выполнено
2026-03-04,19:30,19:32,2 мин,"Центрирование иконки Facebook (scale 1.3, translate 13,7)",Выполнено
2026-03-04,19:32,19:34,2 мин,"Центрирование иконки Facebook (scale 1.5, translate 6,6)",Выполнено
2026-03-04,19:34,19:36,2 мин,"Центрирование иконки LinkedIn (scale 1.1, translate 11,12)",Выполнено
2026-03-04,19:36,19:38,2 мин,"Точное позиционирование иконок в футере с использованием параметров x, y, width, height в SVG",Выполнено
2026-03-04,19:38,19:40,2 мин,"Корректировка viewBox иконок в футере для соответствия визуальным размерам",Выполнено
2026-03-04,19:40,19:42,2 мин,"Корректировка viewBox иконки LinkedIn для увеличения размера букв 'in'",Выполнено
2026-03-04,19:42,19:44,2 мин,"Корректировка viewBox иконок Telegram и Facebook для увеличения их размера (приближения)",Выполнено
2026-03-04,19:44,19:46,2 мин,"Добавление ссылок на социальные сети (Instagram, Telegram, Facebook, LinkedIn) в футер",Выполнено
2026-03-04,19:46,19:48,2 мин,"Настройка фиксированного (sticky) хедера на странице About",Выполнено
2026-03-04,19:48,19:50,2 мин,"Настройка главной страницы сайта (AboutPage теперь открывается по умолчанию)",Выполнено
2026-03-04,19:50,19:53,3 мин,"Добавление условного рендеринга в хедер (Login/Profile) в зависимости от статуса авторизации",Выполнено
2026-03-04,19:53,19:56,3 мин,"Переклад сторінки реєстрації/входу на українську мову (оновлення текстів в Register.tsx)",Выполнено
2026-03-04,19:56,19:58,2 мин,"Виправлення хардкоду в Authorization.tsx (підключення локалізації заголовка)",Выполнено
2026-03-06,09:00,,,"Увійдіть до свого облікового запису",В процессе
2026-03-06,09:05,09:10,5 мин,"Добавление заголовка страницы About и редиректа в URL",Выполнено
2026-03-06,09:10,09:20,10 мин,"Реализация дизайна страницы входа по скриншоту (карточка, кнопки Google/Email)",Выполнено
2026-03-06,09:20,09:25,5 мин,"Добавление проверки авторизации для кнопок Тестирования (Header, About)",Выполнено
2026-03-06,09:25,09:27,2 мин,"Добавление проверки авторизации для пункта меню Наши Тестирования",Выполнено
2026-03-06,09:27,09:30,3 мин,"Настройка размеров (187x60px) и градиентной рамки логотипа в форме входа",Выполнено
2026-03-06,09:30,09:31,1 мин,"Удаление градиентной рамки логотипа в форме входа",Выполнено
2026-03-06,09:31,09:32,1 мин,"Настройка стилей текста заголовка (Montserrat, 20px, Bold, #262626)",Выполнено
2026-03-06,09:32,09:33,1 мин,"Настройка стилей текста кнопки Google (Unbounded, 12px, Regular, White)",Выполнено
2026-03-06,09:33,09:34,1 мин,"Настройка размеров кнопки Google (286x39px)",Выполнено
2026-03-06,09:34,09:34,1 мин,"Отмена изменений размеров кнопки Google (возврат к 100% ширины)",Выполнено
2026-03-06,09:34,09:40,6 мин,"Реализация логики перенаправления на Google OAuth в кнопке входа",Выполнено
2026-03-06,09:40,09:42,2 мин,"Настройка кнопки Email для открытия формы входа и автофокуса",Выполнено
2026-03-06,09:42,09:45,3 мин,"Перевод текстов страницы регистрации/входа на русский язык",Выполнено
2026-03-06,09:46,09:48,2 мин,"Исправление английских текстов на украинские в форме входа",Выполнено
2026-03-06,09:52,09:54,2 мин,"Исправление логики переключения формы (разделение текста) в Register.tsx",Выполнено
2026-03-06,09:54,09:55,1 мин,"Перевод заголовка формы входа на украинский язык",Выполнено
2026-03-06,09:55,09:56,1 мин,"Перевод кнопок и ссылок на странице входа на украинский язык",Выполнено
2026-03-06,09:56,09:58,2 мин,"Замена изображения робота на robot-registr.svg",Выполнено
2026-03-06,09:58,09:59,1 мин,"Исправление пути к изображению робота и обновление CSS селектора",Выполнено
2026-03-06,09:59,10:00,1 мин,"Обновление размеров изображения робота (283x372px)",Выполнено
2026-03-06,10:00,10:02,2 мин,"Настройка размеров робота в CSS (десктоп: 283x372px)",Выполнено
2026-03-06,10:02,10:03,1 мин,"Увеличение размера робота на 20% (340x446px)",Выполнено
2026-03-06,10:03,10:04,1 мин,"Дополнительное увеличение робота (400x525px)",Выполнено
2026-03-06,10:04,10:05,1 мин,"Настройка z-index робота (z-20)",Выполнено
2026-03-06,10:05,10:06,1 мин,"Смещение робота вниз на 20px (mt-5)",Выполнено
2026-03-06,10:06,10:08,2 мин,"Настройка навигации к отзывам (якорная ссылка #reviews)",Выполнено
2026-03-06,10:08,10:10,2 мин,"Настройка навигации к тестам (якорная ссылка #tests)",Выполнено
2026-03-06,10:10,10:13,3 мин,"Подключение MongoDB с паролем и запуск сервера",Выполнено
2026-03-06,10:13,10:14,1 мин,"Проверка параметров подключения MongoDB Atlas",Выполнено
2026-03-06,10:14,10:17,3 мин,"Реализация экрана выбора цели использования (Scope Selection)",Выполнено
2026-03-06,10:17,10:19,2 мин,"Интеграция сохранения выбора цели (usageIntent) в БД",Выполнено
2026-03-06,10:19,10:20,1 мин,"Обновление стилей кнопки ПРОПУСТИТИ (185x48px, radius 10px)",Выполнено
2026-03-06,10:20,10:22,2 мин,"Обновление стилей кнопки ПРОДОВЖИТИ (186x48px, radius 10px, gradient)",Выполнено
2026-03-06,10:22,10:23,1 мин,"Скрытие робота на странице регистрации",Выполнено
2026-03-06,10:24,10:25,1 мин,"Смена шрифта кнопки ПРОПУСТИТИ на Regular (400)",Выполнено
2026-03-06,10:25,10:29,4 мин,"Создание экрана профиля (Имя, Фото) и интеграция с бэкендом",Выполнено
2026-03-06,10:29,10:30,1 мин,"Замена SVG иконки загрузки на strelka ikonka.svg",Выполнено
2026-03-06,10:30,10:34,4 мин,"Адаптация регистрации для рекрутеров (Посада, Объем найма)",Выполнено
2026-03-06,10:34,10:37,3 мин,"Реализация поэтапного заполнения формы для рекрутера",Выполнено
2026-03-06,10:37,10:41,4 мин,"Стилизация и анимация полей рекрутера",Выполнено
2026-03-06,10:41,10:42,1 мин,"Фикс логики регистрации для варианта (для себя)",Выполнено
2026-03-06,10:42,10:44,2 мин,"Отображение полной формы рекрутера сразу после выбора роли",Выполнено
2026-03-06,10:44,10:48,4 мин,"Реализация регистрации для компаний (название, размер команды, должность)",Выполнено
2026-03-06,10:48,10:53,5 мин,"Интеграция лендинг-контента в профиль нового пользователя",Выполнено
2026-03-06,10:53,10:55,2 мин,"Включение экрана профиля (Имя, Фото) для варианта регистрации (для себя)",Выполнено
2026-03-06,10:55,10:56,1 мин,"Исправление редиректа после регистрации на страницу профиля",Выполнено
2026-03-06,10:56,11:00,4 мин,"Объединение формы профиля и регистрации в один шаг",Выполнено
2026-03-06,11:00,11:04,4 мин,"Возврат к двухэтапной регистрации (сначала профиль, потом email/пароль)",Выполнено
